{"cameraMode":{"drawMode":0,"name":"Shaded","section":"Shading Mode"},"sceneLighting":false,"audioPlay":false,"sceneViewState":{"showFog":true,"showMaterialUpdate":false,"showSkybox":false,"showFlares":true,"showImageEffects":true,"showParticleSystems":true},"in2DMode":false,"pivot":{"x":5.204826354980469,"y":0.5534963607788086,"z":0.9915622472763062},"rotation":{"x":-0.12379424273967743,"y":0.10458797961473465,"z":-0.01314056757837534,"w":-0.9867215752601624},"size":1.2930912971496583,"orthographic":false}