{"cameraMode":{"drawMode":0,"name":"Shaded","section":"Shading Mode"},"sceneLighting":false,"audioPlay":false,"sceneViewState":{"showFog":true,"showMaterialUpdate":false,"showSkybox":false,"showFlares":true,"showImageEffects":true,"showParticleSystems":true},"in2DMode":false,"pivot":{"x":4.645438194274902,"y":1.7725523710250855,"z":3.2139408588409426},"rotation":{"x":0.007122581358999014,"y":0.7129899859428406,"z":0.007287934888154268,"w":-0.7011275887489319},"size":0.1517932415008545,"orthographic":false}