{"cameraMode":{"drawMode":0,"name":"Shaded","section":"Shading Mode"},"sceneLighting":false,"audioPlay":false,"sceneViewState":{"showFog":true,"showMaterialUpdate":false,"showSkybox":false,"showFlares":true,"showImageEffects":true,"showParticleSystems":true},"in2DMode":false,"pivot":{"x":-0.7391244769096375,"y":1.6970000267028809,"z":3.603511095046997},"rotation":{"x":0.012243599630892277,"y":0.652735710144043,"z":0.010592957027256489,"w":-0.757438063621521},"size":0.12687069177627564,"orthographic":false}