{"cameraMode":{"drawMode":0,"name":"Shaded","section":"Shading Mode"},"sceneLighting":false,"audioPlay":false,"sceneViewState":{"showFog":true,"showMaterialUpdate":false,"showSkybox":false,"showFlares":true,"showImageEffects":true,"showParticleSystems":true},"in2DMode":false,"pivot":{"x":3.916621685028076,"y":1.904152750968933,"z":4.071721076965332},"rotation":{"x":0.012243599630892277,"y":0.652735710144043,"z":0.010592957027256489,"w":-0.757438063621521},"size":0.49957358837127688,"orthographic":false}